0.8,0,116,67,65,112,0
0.942,0,72,16,21,314,0
0.789,0,174,87,90,266,0
0.403,0,160,81,78,66,0
0.461,0,209,107,109,242,0
0.454,0,172,95,110,42,0
0.848,0,199,88,89,148,0
0.93,0,163,95,70,164,0
0.37,0,214,114,102,102,0
0.525,0,188,94,91,170,0
0.605,0,215,109,107,188,0
0.991,0,166,55,53,314,0
0.984,0,237,142,128,314,0
0.692,0,208,113,134,206,0
0.885,0,206,116,119,314,0
0.582,0,219,121,116,190,0
0.874,0,61,27,25,140,0
0.716,0,174,84,77,152,0
0.602,0,209,100,95,150,0
0.832,0,209,104,86,204,0
0.454,0,160,68,91,128,0
0.577,0,201,104,98,116,0
0.848,0,197,111,124,312,0
0.916,0,199,96,113,298,0
0.908,0,162,73,74,168,0
0.726,0,185,82,89,194,0
0.613,0,228,138,128,256,0
0.73,0,125,51,59,168,0
0.613,0,168,115,82,96,0
0.0,0,132,82,77,52,0
0.19,0,130,81,70,60,0
0.531,0,160,88,83,78,0
0.927,0,41,11,12,308,0
0.769,0,111,60,46,72,0
0.921,0,214,113,99,306,0
0.584,0,216,122,128,126,0
0.289,0,217,130,128,280,0
0.81,0,204,100,98,188,0
0.987,0,208,120,132,314,0
0.917,0,214,114,110,314,0
0.513,0,192,96,98,164,0
0.576,0,183,81,88,194,0
0.676,0,216,120,91,200,0
0.0,0,122,75,56,24,0
0.63,0,9,2,2,252,0
0.524,0,165,76,73,228,0
0.626,0,224,121,112,162,0
0.938,0,207,103,100,248,0
0.8,0,207,111,98,262,0
0.816,0,142,90,73,82,0
0.579,0,212,99,109,208,0
0.995,0,209,113,116,314,0
0.732,0,189,107,83,196,0
0.233,0,132,57,49,18,0
0.514,0,193,98,102,96,0
0.584,0,210,103,94,108,0
0.949,0,82,20,18,314,0
0.591,0,193,105,116,266,0
0.569,0,120,69,46,86,0
0.793,0,228,135,135,314,0
0.996,0,151,44,46,314,0
0.474,0,88,36,38,28,0
0.994,0,216,126,122,314,0
1.0,0,214,129,115,314,0
0.745,0,203,102,90,134,0
0.624,0,183,87,93,108,0
0.535,0,137,68,73,50,0
0.703,0,230,130,126,210,0
0.178,0,200,100,100,248,0
0.899,0,222,122,126,212,0
0.0,0,219,148,123,52,0
0.996,0,99,35,36,314,0
0.0,0,70,40,41,6,0
0.696,0,209,106,105,266,0
0.634,0,177,103,79,154,0
0.464,0,180,101,97,238,0
0.795,0,196,97,100,264,0
0.817,0,175,88,94,268,0
0.759,0,150,60,69,162,0
0.709,0,220,120,100,148,0
0.539,0,188,109,95,142,0
0.814,0,212,117,122,314,0
0.993,0,189,88,93,314,0
0.614,0,209,109,98,168,0
0.651,0,206,101,94,160,0
0.169,0,210,109,102,106,0
0.826,0,107,59,33,58,0
0.848,0,178,70,65,246,0
0.503,0,116,58,64,82,0
0.755,0,164,76,92,216,0
0.831,0,206,113,93,234,0
0.748,0,150,87,80,30,0
0.339,0,210,118,106,228,0
0.686,0,100,53,55,100,0
0.458,0,183,82,89,296,0
0.109,0,171,95,91,68,0
0.762,0,219,113,123,208,0
0.847,0,173,85,53,122,0
0.797,0,164,78,79,134,0
0.404,0,212,111,117,244,0
0.782,0,169,76,80,88,0
0.864,0,188,78,78,168,0
0.241,0,138,90,72,78,0
0.969,0,208,119,123,314,0
0.426,0,186,120,102,192,0
0.0,0,145,84,96,16,0
0.994,0,156,50,47,314,0
0.0,0,148,95,83,46,0
0.813,0,6,3,2,182,0
0.755,0,193,98,97,300,0
0.007,0,235,140,117,122,0
0.903,0,174,93,79,162,0
0.946,0,44,11,11,314,0
0.891,0,195,132,89,184,0
0.786,0,217,113,113,314,0
0.975,0,211,121,120,314,0
0.0,0,177,111,106,14,0
0.579,0,202,107,125,276,0
0.628,0,162,70,79,192,0
0.986,0,191,108,110,314,0
0.751,0,168,83,84,132,0
0.934,0,116,70,64,198,0
0.0,0,171,121,94,42,0
0.843,0,105,54,53,48,0
0.911,0,62,14,19,308,0
0.89,0,200,97,89,178,0
0.0,0,158,79,100,28,0
0.641,0,147,75,75,90,0
0.417,0,192,87,94,148,0
0.996,0,177,72,67,314,0
0.731,0,190,87,74,172,0
0.476,0,158,89,85,68,0
0.818,0,95,52,42,60,0
0.661,0,179,83,79,204,0
0.996,0,192,107,103,314,0
0.819,0,85,39,46,96,0
0.663,0,210,114,116,314,0
0.934,0,176,80,81,280,0
0.599,0,165,75,76,304,0
0.738,0,225,126,129,292,0
0.0,0,24,13,14,58,0
0.431,0,171,87,95,118,0
0.7,0,168,72,70,240,0
0.741,0,161,107,80,142,0
0.895,0,194,106,120,112,0
0.928,0,228,140,132,314,0
0.608,0,189,89,90,156,0
0.427,0,202,140,113,212,0
0.402,0,221,121,120,212,0
0.768,0,142,93,80,48,0
0.75,0,227,125,118,234,0
0.69,0,180,95,98,290,0
0.997,0,145,48,48,314,0
0.35,0,184,88,77,154,0
0.799,0,177,81,72,178,0
0.86,0,232,131,124,218,0
0.601,0,91,52,60,124,0
0.757,0,179,81,87,246,0
0.979,0,222,133,128,314,0
0.708,0,106,67,58,60,0
0.674,0,208,108,96,302,0
0.825,0,139,76,68,52,0
0.577,0,213,104,108,252,0
0.853,0,81,38,32,64,0
0.571,0,205,106,115,260,0
1.0,0,113,28,32,314,0
0.466,0,9,1,2,236,0
0.844,0,199,96,110,278,0
0.814,0,141,86,71,132,0
0.062,0,150,94,75,76,0
0.479,0,6,1,1,264,0
0.832,0,207,105,110,182,0
0.746,0,147,104,72,128,0
0.533,0,122,67,61,30,0
0.689,0,206,103,89,186,0
0.835,0,118,74,59,50,0
0.0,0,134,94,74,90,0
0.052,0,197,104,98,186,0
0.775,0,10,1,2,290,0
0.0,0,134,86,60,66,0
0.577,0,187,100,85,196,0
0.686,0,92,40,42,36,0
0.37,0,133,88,75,88,0
0.983,0,218,123,115,314,0
0.989,0,155,51,53,314,0
0.619,0,179,81,87,280,0
0.858,0,149,73,63,138,0
0.574,0,123,45,26,26,0
0.705,0,231,136,131,212,0
0.245,0,209,110,115,258,0
0.401,0,174,83,78,228,0
0.719,0,222,122,124,212,0
0.687,0,10,2,3,296,0
0.596,0,204,108,126,266,0
0.385,0,195,106,109,34,0
0.792,0,205,109,121,314,0
0.689,0,205,100,119,184,0
0.864,0,202,127,63,184,0
0.752,0,200,107,123,276,0
0.008,0,191,89,101,86,0
0.396,0,150,90,73,90,0
0.508,0,229,133,143,272,0
0.697,0,195,95,95,172,0
0.651,0,176,95,95,312,0
0.986,0,122,43,47,314,0
0.731,0,184,78,90,250,0
0.993,0,178,66,76,314,0
0.0,0,152,104,87,46,0
0.636,0,140,86,70,58,0
0.0,0,135,97,79,22,0
0.863,0,185,82,80,166,0
0.698,0,171,89,96,276,0
0.0,0,233,137,149,116,0
0.131,0,149,66,68,92,0
0.748,0,4,1,1,124,0
0.0,0,126,76,81,4,0
0.856,0,219,117,110,158,0
0.645,0,206,108,98,170,0
0.78,0,226,119,123,100,0
0.923,0,204,106,95,224,0
0.833,0,202,102,103,220,0
0.219,0,225,114,92,228,0
0.884,0,64,17,17,298,0
0.715,0,232,128,115,194,0
0.803,0,183,112,93,132,0
0.913,0,153,80,68,160,0
0.939,0,205,93,106,210,0
0.784,0,200,113,123,190,0
0.78,0,194,95,103,268,0
0.684,0,139,63,64,76,0
0.998,0,152,51,55,314,0
0.986,0,147,58,64,312,0
0.957,0,180,92,109,314,0
0.886,0,226,113,107,206,0
0.479,0,213,122,115,252,0
0.622,0,194,99,99,122,0
0.567,0,231,125,98,160,0
0.0,0,172,113,98,10,0
0.837,0,170,93,105,98,0
0.642,0,195,95,107,262,0
0.899,0,207,116,105,314,0
0.153,0,190,91,90,140,0
0.828,0,146,67,73,60,0
0.018,0,211,113,101,150,0
0.705,0,183,89,98,164,0
0.55,0,200,88,85,194,0
0.55,0,214,113,118,224,0
0.116,0,148,77,74,66,0
0.604,0,152,96,71,164,0
0.999,0,166,59,52,314,0
0.903,0,211,117,125,314,0
0.833,0,181,83,81,172,0
0.862,0,11,2,4,216,0
0.993,0,207,99,99,314,0
0.759,0,144,83,70,96,0
0.0,0,142,84,89,22,0
0.875,0,199,98,91,166,0
0.866,0,212,118,131,270,0
0.924,0,164,93,66,130,0
0.997,0,217,126,113,314,0
0.706,0,220,112,103,148,0
0.838,0,132,71,53,76,0
0.937,0,182,82,100,300,0
0.388,0,192,94,85,122,0
0.692,0,211,111,113,210,0
0.897,0,196,111,124,314,0
0.874,0,91,51,34,28,0
0.609,0,156,90,77,128,0
0.753,0,155,61,64,226,0
0.5,0,138,77,50,44,0
0.718,0,159,93,84,106,0
0.0,0,32,19,18,38,0
0.0,0,160,100,94,136,0
0.0,0,141,106,81,234,0
0.856,0,210,108,105,304,0
0.0,0,80,51,48,10,0
0.801,0,170,82,80,294,0
0.0,0,197,127,116,14,0
0.756,0,195,91,104,266,0
0.79,0,167,73,77,158,0
0.923,0,204,112,120,314,0
0.0,0,158,90,100,224,0
0.87,0,156,64,67,210,0
0.758,0,165,90,92,58,0
0.472,0,131,67,74,222,0
0.743,0,180,117,97,156,0
0.935,0,22,9,10,216,0
0.0,0,109,62,54,8,0
0.748,0,188,99,106,314,0
0.869,0,3,1,1,306,0
0.704,0,180,85,87,268,0
0.689,0,139,63,80,102,0
0.996,0,186,102,110,314,0
0.974,0,191,85,85,280,0
0.413,0,123,69,68,90,0
0.486,0,166,75,81,224,0
0.523,0,208,114,115,300,0
0.988,0,160,50,64,314,0
0.413,0,181,80,89,128,0
0.196,0,210,120,132,240,0
0.997,0,188,68,91,314,0
0.614,0,204,108,105,270,0
0.347,0,191,100,98,164,0
0.0,0,124,75,72,52,0
0.827,0,202,96,110,218,0
0.0,0,88,46,45,0,0
0.424,0,219,126,110,244,0
0.76,0,196,91,92,198,0
0.612,0,125,63,56,236,0
0.824,0,212,101,116,300,0
0.8,0,14,3,4,314,0
0.92,0,193,95,92,234,0
0.957,0,205,118,128,314,0
0.485,0,195,101,121,236,0
0.03,0,188,95,92,206,0
0.82,0,167,103,77,136,0
0.807,0,17,4,3,312,0
0.753,0,200,102,99,212,0
0.983,0,211,119,112,314,0
0.78,0,176,99,92,110,0
0.994,0,201,105,99,314,0
0.934,0,84,23,28,314,0
0.995,0,197,100,103,314,0
0.767,0,171,112,79,150,0
0.011,0,162,77,87,150,0
0.529,0,173,83,78,82,0
0.728,0,193,98,99,188,0
0.776,0,188,85,91,214,0
0.481,0,198,104,98,100,0
0.998,0,176,51,69,314,0
0.611,0,133,70,46,62,0
0.993,0,231,131,129,314,0
0.752,0,208,122,104,194,0
0.572,0,178,86,79,178,0
0.86,0,94,55,49,94,0
0.627,0,220,122,118,102,0
0.645,0,224,127,123,286,0
0.092,0,90,52,58,66,0
0.608,0,215,108,114,264,0
0.638,0,178,99,94,134,0
0.781,0,203,105,104,274,0
0.909,0,226,123,108,120,0
0.315,0,187,89,95,126,0
0.753,0,192,92,91,208,0
0.402,0,177,97,100,96,0
0.759,0,194,92,90,166,0
0.414,0,222,116,124,282,0
0.812,0,227,125,125,142,0
0.516,0,134,82,68,62,0
0.658,0,211,115,109,288,0
0.848,0,190,110,92,204,0
0.74,0,223,120,102,192,0
0.466,0,204,102,109,230,0
0.0,0,113,68,74,8,0
0.811,0,137,65,51,64,0
0.035,0,157,91,90,122,0
0.832,0,223,125,111,314,0
0.53,0,107,55,51,94,0
0.848,0,153,61,52,96,0
0.758,0,224,129,131,244,0
0.996,0,202,111,114,314,0
0.839,0,221,125,138,264,0
0.315,0,147,91,71,28,0
0.594,0,206,109,116,224,0
0.785,0,178,112,90,170,0
0.779,0,225,123,115,170,0
0.854,0,3,1,1,312,0
0.0,0,79,29,33,38,0
0.835,0,204,90,98,294,0
0.927,0,132,66,42,68,0
0.0,0,148,94,86,22,0
0.42,0,168,95,71,100,0
0.731,0,214,105,96,124,0
0.27,0,126,85,71,48,0
0.772,0,190,87,97,260,0
0.841,0,206,98,96,212,0
0.775,0,191,97,106,262,0
0.456,0,193,92,91,114,0
0.991,0,212,121,118,314,0
0.858,0,4,1,1,164,0
0.996,0,167,55,54,314,0
0.838,0,4,3,2,122,0
0.023,0,176,105,109,98,0
0.988,0,224,140,126,314,0
0.101,0,172,89,76,104,0
0.82,0,209,123,121,314,0
0.0,0,187,89,78,76,0
0.492,0,169,81,79,218,0
0.0,0,152,81,99,218,0
0.846,0,152,78,82,50,0
0.779,0,169,110,84,182,0
0.939,0,51,14,17,314,0
0.606,0,203,101,108,166,0
0.82,0,191,102,90,114,0
0.662,0,120,71,63,64,0
0.0,0,95,59,54,52,0
0.594,0,231,133,124,274,0
0.766,0,143,94,67,58,0
0.856,0,170,74,66,248,0
0.157,0,164,73,76,98,0
0.513,0,192,104,111,262,0
0.938,0,109,32,36,314,0
0.842,0,164,73,72,272,0
0.85,0,188,92,90,124,0
0.79,0,224,122,129,220,0
1.0,0,207,113,103,314,0
0.482,0,171,85,73,76,0
0.758,0,182,85,92,102,0
0.884,0,183,85,76,170,0
0.77,0,171,97,87,180,0
0.531,0,234,134,114,180,0
0.546,0,190,85,82,232,0
0.69,0,162,80,91,164,0
0.726,0,131,83,68,18,0
0.301,0,6,3,3,232,0
0.0,0,159,111,89,68,0
0.0,0,86,47,52,60,0
0.885,0,206,109,112,314,0
0.564,0,148,76,68,52,0
0.435,0,170,95,105,58,0
0.771,0,185,94,113,128,0
0.927,0,182,95,100,314,0
0.859,0,192,90,96,232,0
1.0,0,150,50,44,314,0
0.827,0,199,88,78,154,0
0.996,0,211,111,109,314,0
0.485,0,175,99,111,262,0
0.145,0,216,122,107,234,0
0.996,0,210,116,126,314,0
0.701,0,184,92,107,156,0
0.999,0,241,148,133,314,0
0.796,0,148,70,75,188,0
0.002,0,225,122,131,184,0
0.661,0,223,119,102,128,0
0.722,0,211,110,106,280,0
0.69,0,200,114,102,302,0
0.0,0,112,68,36,82,0
0.469,0,166,94,79,120,0
0.773,0,220,125,115,288,0
0.793,0,200,98,102,276,0
0.05,0,116,60,53,90,0
0.756,0,134,72,67,82,0
0.687,0,166,112,89,216,0
0.975,0,230,133,127,312,0
0.724,0,152,92,79,226,0
0.946,0,188,86,100,296,0
0.989,0,118,43,48,314,0
0.837,0,221,120,118,110,0
0.646,0,218,118,117,234,0
0.329,0,214,130,125,242,0
0.0,0,125,81,68,50,0
0.764,0,107,57,57,60,0
0.619,0,149,75,68,150,0
0.874,0,125,65,60,128,0
0.0,0,159,106,86,98,0
0.78,0,207,110,104,182,0
0.791,0,231,141,130,300,0
0.0,0,35,21,24,10,0
0.44,0,194,97,92,228,0
0.864,0,213,108,133,250,0
0.803,0,161,90,89,172,0
0.026,0,211,116,109,88,0
0.845,0,4,1,1,304,0
0.992,0,122,39,46,314,0
0.85,0,175,98,67,98,0
0.841,0,203,131,101,134,0
0.868,0,212,110,119,300,0
0.843,0,186,111,80,158,0
0.999,0,218,136,120,314,0
0.856,0,100,61,53,238,0
0.859,0,166,92,104,306,0
0.836,0,215,112,120,230,0
0.0,0,181,109,114,76,0
0.783,0,163,82,75,108,0
0.297,0,185,91,93,222,0
0.759,0,147,84,70,156,0
0.993,0,209,115,129,314,0
0.846,0,199,98,87,166,0
0.775,0,192,104,98,166,0
0.452,0,174,93,101,70,0
0.639,0,173,124,94,100,0
0.738,0,188,94,101,266,0
0.897,0,208,105,94,164,0
0.872,0,203,127,103,194,0
0.65,0,7,1,1,274,0
0.992,0,205,111,131,314,0
0.644,0,184,113,95,138,0
0.608,0,194,101,73,158,0
0.57,0,221,122,136,300,0
0.988,0,107,30,37,314,0
0.883,0,6,3,2,210,0
0.958,0,188,103,114,314,0
0.497,0,160,68,52,84,0
0.896,0,129,76,63,88,0
0.932,0,122,64,63,110,0
0.663,0,181,74,78,282,0
0.998,0,149,47,46,314,0
0.672,0,188,91,88,294,0
0.83,0,201,105,120,300,0
0.726,0,215,117,130,264,0
0.87,0,196,92,97,280,0
0.995,0,129,39,32,314,0
0.653,0,214,115,112,186,0
0.756,0,214,113,113,252,0
0.958,0,203,115,121,312,0
0.485,0,210,119,115,272,0
0.487,0,205,106,96,202,0
0.988,0,101,28,29,314,0
0.289,0,189,111,107,136,0
0.928,0,212,113,109,154,0
0.711,0,128,71,40,58,0
0.886,0,189,76,77,204,0
0.316,0,205,120,130,282,0
0.635,0,176,106,94,222,0
0.999,0,177,65,57,314,0
0.0,0,183,117,109,66,0
0.998,0,209,115,109,314,0
0.61,0,190,92,83,146,0
0.703,0,150,82,50,62,0
0.273,0,128,85,71,32,0
0.002,0,183,107,119,110,0
0.231,0,124,73,62,32,0
0.986,0,211,128,115,314,0
0.541,0,209,116,122,310,0
0.783,0,175,112,93,180,0
0.486,0,136,87,75,60,0
0.885,0,166,87,99,190,0
0.661,0,206,110,104,248,0
0.652,0,126,73,63,70,0
0.17,0,88,51,52,180,0
0.882,0,186,110,103,86,0
0.3,0,171,94,94,74,0
0.961,0,198,120,112,314,0
0.859,0,142,70,68,136,0
0.749,0,214,115,124,232,0
0.273,0,195,100,95,200,0
0.634,0,169,74,67,192,0
0.235,0,202,116,124,270,0
0.999,0,189,69,76,314,0
0.689,0,210,114,101,172,0
0.674,0,214,117,129,278,0
0.876,0,231,151,128,302,0
0.849,0,193,97,106,206,0
0.999,0,207,114,102,314,0
0.809,0,172,68,91,122,0
0.61,0,146,77,56,104,0
0.98,0,199,98,95,314,0
0.673,0,209,104,106,276,0
0.742,0,138,82,65,98,0
0.926,0,213,127,119,314,0
0.444,0,200,108,92,92,0
0.851,0,178,85,98,140,0
1.0,0,223,134,109,314,0
0.0,0,31,20,16,24,0
0.778,0,163,75,74,188,0
0.504,0,169,74,85,248,0
0.477,0,160,107,88,208,0
0.611,0,216,112,107,260,0
0.151,0,186,90,104,140,0
0.965,0,212,115,122,314,0
0.59,0,223,119,125,192,0
0.729,0,177,85,84,128,0
0.0,0,168,76,74,134,0
0.707,0,187,95,87,186,0
0.894,0,211,116,117,314,0
0.687,0,204,109,98,284,0
0.854,0,191,98,98,168,0
0.827,0,103,61,37,64,0
0.852,0,214,113,122,278,0
0.9,0,212,123,115,302,0
0.795,0,186,117,106,220,0
0.179,0,191,109,122,198,0
0.714,0,123,64,44,56,0
0.893,0,224,131,124,314,0
0.594,0,200,109,94,90,0
0.661,0,153,90,80,214,0
0.783,0,204,99,113,226,0
0.979,0,125,39,40,314,0
0.714,0,153,90,55,106,0
0.868,0,166,77,83,168,0
0.76,0,185,83,84,260,0
0.351,0,175,80,90,108,0
0.857,0,205,107,101,226,0
0.544,0,213,114,110,160,0
0.782,0,165,102,83,176,0
0.603,0,115,58,58,80,0
0.996,0,228,112,127,314,0
0.801,0,162,84,71,66,0
0.919,0,81,17,23,314,0
0.995,0,213,120,117,314,0
0.761,0,189,84,81,158,0
0.103,0,103,69,58,24,0
0.36,0,173,86,100,252,0
0.414,0,223,130,118,100,0
0.544,0,124,49,47,26,0
0.808,0,10,2,3,284,0
0.001,0,191,88,85,92,0
0.92,0,209,113,122,314,0
0.999,0,158,59,52,314,0
0.0,0,129,91,69,16,0
0.954,0,216,134,124,306,0
0.787,0,201,91,98,188,0
0.918,0,213,121,119,314,0
0.717,0,147,83,78,82,0
0.466,0,220,121,114,242,0
0.651,0,156,73,70,94,0
0.881,0,203,91,111,280,0
0.072,0,24,14,13,86,0
0.867,0,192,99,111,282,0
0.287,0,180,84,103,282,0
0.579,0,210,112,102,212,0
1.0,0,201,103,88,314,0
0.652,0,153,95,71,176,0
0.934,0,111,28,35,314,0
0.811,0,189,88,88,150,0
0.861,0,141,69,47,164,0
0.0,0,172,115,99,14,0
0.745,0,187,86,81,242,0
0.803,0,214,119,133,152,0
0.244,0,193,93,89,142,0
0.896,0,207,101,111,298,0
1.0,0,216,106,125,314,0
0.915,0,163,82,78,304,0
0.977,0,226,127,130,314,0
0.859,0,159,88,80,122,0
0.999,0,170,59,56,314,0
0.767,0,147,69,62,142,0
0.908,0,149,74,56,126,0
0.924,0,170,71,70,168,0
0.0,0,204,141,121,10,0
0.879,0,160,95,76,114,0
0.928,0,220,125,130,314,0
0.909,0,150,87,69,232,0
0.727,0,193,94,97,102,0
0.664,0,202,106,104,108,0
0.747,0,218,119,140,256,0
0.832,0,166,73,77,182,0
0.873,0,168,86,86,182,0
0.308,0,162,98,68,42,0
0.862,0,162,84,93,164,0
0.527,0,136,68,82,100,0
0.012,0,128,75,76,166,0
0.468,0,207,98,88,78,0
0.903,0,165,91,90,238,0
0.431,0,160,91,90,186,0
0.632,0,155,61,57,182,0
0.991,0,195,79,74,314,0
0.0,0,55,38,31,14,0
0.69,0,218,132,115,276,0
0.995,0,209,120,114,314,0
0.878,0,192,83,87,220,0
0.796,0,194,88,85,204,0
0.0,0,130,81,79,24,0
0.822,0,210,130,89,190,0
0.567,0,211,119,135,222,0
0.76,0,199,107,109,306,0
0.85,0,160,94,75,116,0
0.332,0,216,124,119,278,0
0.509,0,183,82,78,238,0
0.236,0,168,105,95,168,0
0.966,0,215,119,140,314,0
0.477,0,174,108,78,190,0
0.957,0,207,123,115,314,0
0.662,0,162,81,91,224,0
0.825,0,189,94,96,278,0
0.657,0,202,97,91,202,0
0.771,0,212,103,100,156,0
0.573,0,191,94,96,198,0
0.461,0,197,95,122,212,0
1.0,0,216,115,96,314,0
0.638,0,175,111,83,180,0
0.568,0,200,102,99,134,0
0.997,0,213,122,114,314,0
0.368,0,230,129,137,242,0
0.944,0,192,88,80,160,0
0.76,0,227,119,107,118,0
0.52,0,219,134,116,314,0
0.0,0,101,59,36,106,0
0.35,0,115,62,57,40,0
0.806,0,140,85,66,34,0
0.993,0,174,71,55,314,0
0.942,0,194,104,112,298,0
0.815,0,130,64,61,102,0
0.686,0,161,95,82,118,0
0.717,0,210,114,126,240,0
1.0,0,209,109,95,314,0
0.751,0,219,108,110,228,0
0.0,0,215,125,111,122,0
0.019,0,216,141,128,122,0
0.445,0,211,110,106,60,0
0.9,0,148,67,64,30,0
0.826,0,229,118,110,192,0
0.838,0,184,86,91,266,0
0.685,0,186,97,86,108,0
0.0,0,112,74,60,74,0
0.923,0,224,126,129,312,0
0.713,0,5,1,1,218,0
0.462,0,231,134,151,304,0
0.759,0,217,117,108,250,0
0.545,0,108,41,39,42,0
0.0,0,157,100,93,112,0
0.996,0,208,111,131,314,0
0.777,0,187,88,89,272,0
0.745,0,168,74,76,244,0
0.678,0,172,78,89,116,0
0.844,0,157,73,73,50,0
0.496,0,220,127,115,192,0
0.797,0,110,52,44,52,0
0.581,0,175,75,82,240,0
0.317,0,235,135,146,260,0
0.782,0,13,2,4,300,0
0.817,0,209,107,101,246,0
0.97,0,182,98,111,314,0
0.89,0,219,114,112,222,0
0.535,0,112,72,61,142,0
0.699,0,150,62,63,280,0
0.649,0,220,112,118,168,0
0.795,0,207,100,102,168,0
0.704,0,189,89,79,146,0
0.762,0,198,93,88,272,0
0.652,0,187,94,102,250,0
0.823,0,80,19,23,278,0
0.729,0,195,100,100,258,0
0.679,0,188,89,104,160,0
0.769,0,115,54,37,90,0
0.998,0,200,106,101,314,0
0.65,0,190,99,107,98,0
0.84,0,197,111,128,308,0
0.714,0,215,120,84,148,0
0.839,0,103,49,40,62,0
0.662,0,189,90,93,170,0
0.65,0,221,116,117,248,0
0.773,0,140,77,80,136,0
0.756,0,162,66,72,188,0
0.457,0,160,114,82,110,0
0.7,0,139,77,59,202,0
0.8,0,171,115,84,78,0
0.694,0,189,112,104,306,0
0.545,0,225,131,125,252,0
0.902,0,191,82,94,232,0
0.579,0,151,90,79,80,0
0.581,0,219,120,136,226,0
0.845,0,187,98,108,142,0
0.355,0,205,116,116,262,0
0.344,0,173,68,75,138,0
0.303,0,204,101,102,92,0
0.919,0,81,24,28,310,0
0.746,0,216,112,96,274,0
0.854,0,199,93,100,236,0
0.54,0,143,65,62,96,0
0.808,0,148,82,94,264,0
0.508,0,220,123,119,128,0
0.109,0,186,127,106,32,0
0.82,0,144,87,63,112,0
0.488,0,202,103,96,132,0
0.527,0,114,71,56,102,0
0.606,0,194,102,82,132,0
0.907,0,152,100,69,124,0
1.0,0,216,128,113,314,0
0.888,0,224,132,125,300,0
0.434,0,119,47,43,46,0
0.854,0,183,103,90,220,0
0.788,0,133,79,72,116,0
0.764,0,179,83,99,256,0
0.76,0,112,60,55,132,0
0.843,0,203,120,107,140,0
0.556,0,167,100,91,174,0
0.005,0,225,126,127,58,0
0.995,0,218,124,121,314,0
0.723,0,204,109,106,314,0
0.595,0,195,124,115,92,0
0.827,0,193,107,127,306,0
0.921,0,195,92,95,264,0
0.731,0,200,97,97,210,0
0.794,0,172,113,97,70,0
0.857,0,133,73,69,174,0
0.0,0,140,78,77,32,0
0.496,0,240,134,129,102,0
0.858,0,210,95,102,310,0
0.035,0,159,99,70,72,0
0.788,0,119,69,61,70,0
0.864,0,193,89,88,236,0
0.88,0,205,95,94,144,0
0.554,0,154,58,65,196,0
0.642,0,209,112,117,124,0
0.611,0,174,73,58,280,0
0.777,0,68,38,36,88,0
0.856,0,158,70,75,210,0
0.036,0,210,108,103,166,0
0.835,0,184,87,75,156,0
0.846,0,197,92,95,144,0
0.656,0,198,102,121,258,0
0.656,0,115,59,55,54,0
0.867,0,217,117,130,314,0
0.912,0,215,110,113,286,0
0.661,0,15,2,4,314,0
0.8,0,94,50,46,124,0
0.417,0,199,112,103,100,0
0.497,0,169,104,89,106,0
0.62,0,207,109,99,198,0
0.733,0,207,111,112,256,0
0.083,0,177,110,106,66,0
0.962,0,195,102,121,314,0
0.303,0,216,109,128,168,0
0.996,0,184,66,71,314,0
0.926,0,219,112,109,306,0
0.858,0,172,102,91,210,0
0.637,0,214,109,116,164,0
0.101,0,212,107,126,242,0
0.849,0,204,109,126,278,0
0.822,0,203,109,107,264,0
0.787,0,207,114,119,288,0
0.349,0,233,131,132,124,0
0.728,0,202,102,94,174,0
0.833,0,240,144,125,158,0
0.414,0,12,3,3,260,0
0.63,0,158,97,87,46,0
0.995,0,237,132,136,314,0
0.813,0,218,118,137,314,0
0.67,0,204,95,94,120,0
0.872,0,196,95,113,226,0
0.692,0,92,46,41,154,0
0.423,0,198,105,102,198,0
0.805,0,208,118,113,206,0
0.661,0,89,47,49,68,0
0.664,0,220,117,108,180,0
0.995,0,151,48,51,314,0
0.904,0,210,105,107,288,0
0.989,0,191,102,122,314,0
0.677,0,122,69,47,94,0
0.784,0,200,110,124,314,0
0.89,0,177,82,84,154,0
0.597,0,189,91,100,192,0
0.419,0,199,110,109,260,0
0.647,0,228,117,112,194,0
0.0,0,74,45,43,46,0
0.939,0,213,123,131,314,0
0.994,0,215,131,119,314,0
0.991,0,167,44,52,314,0
0.881,0,150,101,76,212,0
0.724,0,180,112,94,314,0
0.725,0,170,90,76,142,0
0.671,0,200,107,128,180,0
0.0,0,107,68,51,12,0
0.0,0,116,64,53,142,0
0.087,0,185,96,112,114,0
0.982,0,213,120,116,312,0
0.785,0,225,133,138,230,0
0.855,0,190,84,105,282,0
0.844,0,138,75,57,62,0
0.841,0,142,82,73,116,0
0.963,0,160,54,49,314,0
0.297,0,179,88,102,150,0
0.0,0,38,18,23,14,0
0.922,0,225,129,120,310,0
0.999,0,157,49,51,314,0
0.772,0,162,104,76,44,0
0.887,0,219,118,108,142,0
0.998,0,207,113,114,314,0
0.986,0,5,1,1,314,0
0.372,0,210,109,102,70,0
0.638,0,204,107,97,238,0
0.811,0,190,119,109,220,0
0.733,0,164,109,91,124,0
0.673,0,113,60,64,128,0
0.895,0,166,77,83,154,0
0.123,0,112,67,71,38,0
0.672,0,179,83,96,242,0
0.879,0,178,89,80,302,0
0.754,0,151,65,70,156,0
0.014,0,123,70,68,58,0
0.889,0,213,120,123,314,0
0.752,0,156,77,71,148,0
0.787,0,149,75,71,218,0
0.891,0,218,122,134,314,0
0.444,0,88,37,42,120,0
0.683,0,179,88,84,166,0
0.305,0,201,98,94,130,0
0.653,0,202,103,100,208,0
0.584,0,218,124,125,260,0
0.133,0,150,84,83,54,0
0.837,0,170,77,92,314,0
0.482,0,139,73,73,56,0
0.819,0,219,121,136,300,0
0.999,0,164,45,54,314,0
0.949,0,100,27,28,314,0
0.747,0,6,1,2,312,0
0.706,0,203,98,106,238,0
0.665,0,208,138,119,250,0
0.118,0,155,71,69,102,0
0.862,0,193,119,102,170,0
0.098,0,158,90,93,26,0
0.082,0,132,88,69,30,0
0.999,0,209,117,105,314,0
0.758,0,174,77,77,140,0
0.406,0,151,66,68,164,0
0.616,0,208,110,100,232,0
0.709,0,201,89,80,178,0
0.859,0,187,116,74,124,0
0.655,0,143,71,51,92,0
0.609,0,158,97,81,68,0
0.883,0,142,59,59,234,0
0.744,0,202,114,127,294,0
0.728,0,217,122,118,264,0
0.794,0,179,114,85,196,0
0.557,0,108,61,55,48,0
0.788,0,182,106,85,104,0
0.625,0,215,109,101,120,0
0.596,0,219,113,119,258,0
0.712,0,170,73,86,294,0
0.822,0,211,117,119,314,0
0.554,0,201,100,101,262,0
0.832,0,151,103,80,82,0
0.339,0,190,90,94,138,0
0.556,0,205,95,90,228,0
0.844,0,219,117,103,224,0
0.612,0,162,93,79,130,0
0.904,0,189,96,90,308,0
0.873,0,189,96,94,84,0
0.015,0,198,94,97,192,0
0.873,0,187,85,71,298,0
0.737,0,225,124,117,274,0
0.84,0,116,83,52,36,0
0.845,0,213,110,126,234,0
0.727,0,100,53,50,100,0
0.235,0,195,115,105,246,0
0.204,0,218,122,130,270,0
0.975,0,203,83,95,312,0
0.083,0,122,72,78,58,0
0.742,0,168,83,91,288,0
0.9,0,160,85,81,264,0
0.631,0,196,95,89,192,0
0.095,0,240,151,133,102,0
0.0,0,128,89,74,32,0
0.928,0,184,83,77,270,0
0.329,0,213,134,120,260,0
0.828,0,78,42,49,156,0
0.111,0,91,44,46,58,0
0.806,0,164,83,80,172,0
0.763,0,209,109,113,168,0
0.74,0,192,109,100,270,0
0.582,0,205,109,100,138,0
0.327,0,162,87,62,34,0
0.504,0,109,59,39,36,0
0.518,0,81,37,32,34,0
0.426,0,138,80,76,74,0
0.584,0,139,93,79,214,0
0.139,0,186,95,93,194,0
0.681,0,183,96,95,290,0
0.0,0,104,78,62,128,0
0.858,0,201,103,102,162,0
0.638,0,207,122,122,308,0
0.829,0,173,87,88,256,0
0.75,0,136,91,67,70,0
0.376,0,217,132,117,230,0
0.594,0,210,119,110,254,0
0.699,0,210,113,132,314,0
0.752,0,149,88,78,92,0
0.791,0,184,79,75,218,0
0.831,0,112,63,47,40,0
0.966,0,128,38,47,314,0
0.881,0,210,106,96,178,0
0.809,0,207,98,98,258,0
0.671,0,188,102,91,156,0
0.835,0,188,82,89,178,0
0.462,0,130,76,73,136,0
0.059,0,143,90,78,54,0
0.49,0,138,93,77,62,0
0.621,0,154,55,79,194,0
0.747,0,202,108,122,210,0
0.698,0,193,88,85,226,0
0.894,0,212,114,134,306,0
0.557,0,174,84,82,142,0
0.0,0,182,128,97,24,0
0.855,0,69,20,20,312,0
0.735,0,211,114,126,240,0
0.664,0,221,131,116,256,0
0.871,0,137,75,70,178,0
0.278,0,200,102,96,168,0
0.179,0,128,85,67,102,0
0.48,0,168,100,89,104,0
0.873,0,192,105,84,244,0
0.778,0,124,63,64,32,0
0.539,0,188,95,86,150,0
0.807,0,181,84,87,76,0
0.553,0,197,123,110,274,0
0.0,0,165,119,95,20,0
0.41,0,204,104,93,92,0
0.558,0,205,119,103,286,0
0.359,0,157,68,81,164,0
0.903,0,223,137,130,310,0
0.649,0,124,71,63,148,0
0.781,0,145,91,81,200,0
0.724,0,218,120,115,226,0
0.782,0,213,119,118,314,0
0.689,0,199,101,108,138,0
0.215,0,159,106,72,70,0
0.99,0,165,60,49,314,0
0.854,0,133,75,43,36,0
0.846,0,178,94,92,206,0
0.0,0,29,20,17,2,0
0.465,0,201,123,102,122,0
0.8,0,214,114,121,214,0
0.995,0,198,102,103,314,0
0.808,0,175,84,90,202,0
0.0,0,163,103,103,0,0
0.987,0,78,22,22,314,0
0.721,0,215,110,111,236,0
0.234,0,5,2,2,190,0
0.894,0,213,109,120,204,0
1.0,0,201,93,71,314,0
0.0,0,105,70,60,36,0
0.627,0,231,122,113,158,0
0.764,0,215,114,129,200,0
0.827,0,118,46,49,58,0
0.61,0,149,85,63,166,0
0.563,0,198,102,79,60,0
0.719,0,166,65,70,202,0
0.251,0,156,70,85,158,0
0.728,0,212,100,95,180,0
0.758,0,80,38,38,66,0
0.006,0,110,59,68,58,0
0.993,0,208,115,117,314,0
0.892,0,157,79,85,116,0
1.0,0,170,56,48,314,0
0.997,0,155,50,48,314,0
0.0,0,157,97,89,130,0
0.739,0,149,79,56,54,0
0.253,0,172,83,78,164,0
0.393,0,214,113,111,134,0
0.882,0,217,123,139,304,0
0.739,0,8,2,2,290,0
0.802,0,177,98,85,86,0
0.565,0,241,141,133,106,0
0.706,0,210,93,95,220,0
0.431,0,156,107,82,126,0
0.0,0,153,105,87,26,0
0.0,0,219,122,116,60,0
0.291,0,220,125,138,192,0
0.529,0,164,81,68,128,0
0.994,0,207,113,106,314,0
0.624,0,209,114,123,312,0
0.0,0,176,128,95,80,0
0.846,0,127,57,60,70,0
0.21,0,204,103,92,124,0
0.505,0,201,104,119,244,0
0.562,0,216,123,131,292,0
0.71,0,15,3,4,288,0
0.286,0,222,129,118,212,0
0.221,0,185,98,110,240,0
0.038,0,172,98,81,36,0
0.606,0,102,50,36,42,0
0.919,0,211,113,96,308,0
0.999,0,200,106,97,314,0
0.933,0,154,64,75,242,0
0.775,0,169,86,89,124,0
0.771,0,123,70,56,44,0
0.021,0,122,75,56,100,0
0.885,0,187,83,81,282,0
0.639,0,206,108,113,278,0
0.898,0,140,76,60,86,0
0.997,0,154,60,57,314,0
0.996,0,92,40,37,314,0
0.949,0,187,95,103,310,0
0.787,0,193,88,93,270,0
0.969,0,181,92,86,314,0
0.844,0,161,67,68,166,0
0.35,0,224,130,141,276,0
0.905,0,177,87,84,88,0
0.878,0,177,89,81,182,0
0.918,0,220,127,136,314,0
0.915,0,208,85,86,302,0
0.572,0,172,82,77,242,0
0.985,0,143,47,47,314,0
0.99,0,213,128,113,314,0
0.989,0,149,55,53,312,0
0.854,0,189,108,101,236,0
0.521,0,216,123,124,232,0
0.746,0,166,110,87,176,0
0.887,0,199,95,95,118,0
0.716,0,7,2,2,314,0
0.738,0,161,86,80,226,0
0.741,0,190,98,99,196,0
0.87,0,147,57,42,66,0
0.897,0,210,118,126,314,0
0.727,0,201,105,120,184,0
0.182,0,167,67,87,82,0
0.427,0,198,108,86,280,0
0.203,0,217,109,98,110,0
0.946,0,170,70,75,212,0
0.888,0,41,9,10,314,0
0.668,0,216,107,106,264,0
0.702,0,177,106,89,146,0
0.411,0,204,115,125,272,0
0.937,0,6,1,1,296,0
0.877,0,121,70,53,106,0
0.342,0,172,82,99,180,0
0.298,0,155,90,90,50,0
0.986,0,138,49,49,314,0
0.078,0,153,99,77,94,0
0.501,0,133,73,70,54,0
0.997,0,210,104,98,314,0
0.905,0,7,1,2,208,0
0.845,0,144,71,69,60,0
0.923,0,182,98,89,160,0
0.723,0,3,1,1,286,0
0.215,0,142,82,77,56,0
0.404,0,178,90,92,124,0
0.65,0,155,70,76,98,0
0.505,0,193,94,97,152,0
0.722,0,215,116,117,284,0
0.628,0,204,105,98,228,0
0.848,0,225,129,119,124,0
0.425,0,72,44,40,64,0
0.867,0,189,92,89,98,0
0.79,0,149,92,71,122,0
0.694,0,177,91,104,102,0
0.416,0,214,112,122,276,0
0.0,0,22,13,12,22,0
0.746,0,213,110,117,218,0
0.874,0,187,90,89,136,0
0.999,0,158,50,46,314,0
0.0,0,210,137,125,14,0
0.737,0,214,121,135,248,0
0.655,0,200,113,133,310,0
0.784,0,176,114,91,124,0
0.0,0,166,94,107,52,0
0.536,0,217,112,109,178,0
0.984,0,220,128,124,314,0
0.939,0,101,32,29,314,0
0.938,0,194,81,79,258,0
0.747,0,187,87,93,302,0
0.886,0,198,94,107,314,0
0.666,0,184,103,108,178,0
0.0,0,86,47,50,96,0
0.844,0,203,110,91,168,0
0.972,0,207,113,129,314,0
0.99,0,153,46,45,314,0
0.929,0,220,126,120,310,0
0.908,0,212,117,107,204,0
0.807,0,200,100,91,304,0
0.0,0,162,90,99,44,0
0.44,0,142,85,64,32,0
0.876,0,195,91,77,162,0
0.625,0,222,125,141,280,0
0.714,0,163,65,73,236,0
0.768,0,183,85,89,184,0
0.701,0,207,113,138,260,0
0.816,0,159,106,86,214,0
0.757,0,209,116,122,280,0
0.936,0,229,139,126,314,0
0.683,0,157,93,75,124,0
0.803,0,178,112,82,186,0
0.647,0,172,88,91,274,0
0.0,0,66,47,36,10,0
0.486,0,101,41,57,48,0
0.889,0,175,74,82,126,0
0.468,0,216,110,114,288,0
0.891,0,218,114,116,192,0
0.996,0,147,44,47,314,0
0.788,0,191,89,76,266,0
0.784,0,193,90,78,186,0
0.669,0,181,90,84,274,0
0.721,0,202,96,117,126,0
0.735,0,188,102,100,170,0
0.547,0,131,74,67,16,0
0.775,0,191,83,92,206,0
0.916,0,202,117,112,314,0
0.999,0,204,110,126,314,0
0.77,0,149,64,73,230,0
0.803,0,237,133,141,272,0
0.005,0,93,59,48,94,0
0.964,0,198,96,103,314,0
0.681,0,180,83,79,244,0
0.301,0,163,72,79,104,0
0.996,0,115,28,38,314,0
0.821,0,174,103,97,202,0
0.35,0,200,106,115,172,0
0.997,0,192,94,105,314,0
0.766,0,161,88,80,124,0
0.632,0,180,108,112,242,0
0.279,0,179,85,96,144,0
0.976,0,147,49,48,314,0
0.98,0,216,121,132,314,0
0.975,0,206,114,114,312,0
0.57,0,181,88,84,260,0
0.862,0,101,48,57,166,0
0.732,0,165,80,66,16,0
1.0,0,141,58,53,314,0
0.681,0,219,116,114,234,0
0.499,0,131,82,63,88,0
0.529,0,210,106,114,144,0
0.986,0,172,67,59,314,0
0.999,0,213,119,110,314,0
0.301,0,134,83,76,64,0
0.263,0,215,126,109,162,0
0.647,0,204,103,119,220,0
0.658,0,137,55,68,74,0
0.974,0,90,22,29,314,0
0.276,0,201,124,117,286,0
0.216,0,200,99,113,140,0
0.996,0,146,43,39,314,0
0.815,0,139,66,65,150,0
0.638,0,187,109,91,144,0
0.638,0,206,112,117,278,0
0.76,0,179,97,96,164,0
0.797,0,209,107,100,224,0
0.594,0,221,128,128,314,0
0.543,0,182,81,91,100,0
0.84,0,112,60,43,172,0
0.807,0,137,63,69,106,0
0.645,0,141,89,64,68,0
0.0,0,134,74,88,54,0
0.749,0,192,94,113,172,0
0.765,0,217,117,114,240,0
0.54,0,181,83,81,184,0
0.698,0,179,86,101,150,0
0.84,0,190,93,108,234,0
0.314,0,203,100,105,174,0
0.802,0,198,96,90,112,0
0.699,0,217,120,121,224,0
0.683,0,202,109,101,244,0
0.864,0,204,96,96,204,0
0.918,0,223,123,129,234,0
0.801,0,7,1,1,314,0
0.89,0,179,96,83,86,0
0.027,0,158,97,94,30,0
0.761,0,224,122,134,274,0
0.991,0,211,114,115,314,0
0.178,0,179,80,77,122,0
0.739,0,140,102,69,40,0
0.741,0,180,83,79,194,0
0.812,0,177,82,81,236,0
0.791,0,13,3,4,304,0
0.448,0,224,134,135,314,0
0.87,0,178,117,77,110,0
0.926,0,186,75,83,260,0
0.997,0,199,107,114,314,0
0.688,0,201,110,125,254,0
0.0,0,27,19,16,0,0
0.809,0,158,84,72,156,0
0.705,0,135,84,52,36,0
0.998,0,212,122,110,314,0
0.878,0,162,95,76,116,0
0.509,0,194,120,95,112,0
0.85,0,249,141,125,200,0
0.285,0,184,91,107,198,0
0.838,0,104,64,37,130,0
0.999,0,182,77,68,314,0
0.209,0,211,117,119,208,0
0.833,0,145,77,64,80,0
0.839,0,133,72,52,112,0
0.774,0,179,89,78,234,0
0.748,0,11,1,3,168,0
0.736,0,194,104,98,244,0
0.768,0,185,120,81,138,0
0.992,0,233,137,129,314,0
0.254,0,146,76,67,48,0
0.814,0,223,140,128,306,0
0.861,0,148,83,61,206,0
0.0,0,164,118,91,26,0
0.878,0,125,69,80,40,0
0.565,0,202,119,105,122,0
0.335,0,102,57,63,168,0
0.995,0,195,102,122,314,0
0.834,0,212,106,99,202,0
0.795,0,194,97,109,218,0
0.896,0,220,112,122,250,0
0.987,0,178,70,55,314,0
0.346,0,210,108,108,110,0
0.617,0,208,117,129,310,0
0.78,0,215,111,116,262,0
0.0,0,153,91,97,26,0
0.891,0,106,35,49,126,0
0.663,0,226,130,138,288,0
0.682,0,186,86,81,166,0
0.791,0,182,95,100,90,0
0.569,0,90,47,49,202,0
0.093,0,185,92,88,98,0
0.0,0,187,126,108,76,0
0.915,0,174,78,82,126,0
0.811,0,156,96,74,146,0
0.998,0,133,45,50,314,0
0.854,0,189,89,90,218,0
0.748,0,147,88,68,42,0
0.766,0,165,74,72,234,0
0.575,0,137,83,73,60,0
0.605,0,161,82,99,284,0
0.928,0,214,81,95,244,0
0.722,0,179,85,93,292,0
0.581,0,148,90,64,40,0
0.539,0,151,71,52,18,0
0.74,0,196,100,114,242,0
0.773,0,179,93,111,274,0
0.613,0,198,114,102,150,0
0.532,0,197,102,95,258,0
0.636,0,178,78,81,192,0
0.998,0,113,35,39,314,0
0.703,0,178,118,81,168,0
0.849,0,181,105,88,84,0
0.779,0,147,82,84,138,0
0.344,0,221,106,93,256,0
1.0,0,208,118,103,314,0
0.76,0,227,135,138,292,0
0.815,0,182,90,104,162,0
0.214,0,157,84,101,50,0
0.648,0,178,85,76,166,0
0.849,0,172,118,90,112,0
0.673,0,13,1,1,314,0
0.982,0,123,35,39,314,0
0.812,0,162,89,80,58,0
0.635,0,195,110,119,284,0
0.922,0,184,80,83,266,0
0.655,0,106,56,59,120,0
0.911,0,197,96,90,118,0
0.997,0,199,103,100,314,0
0.66,0,143,90,66,108,0
0.542,0,107,46,45,38,0
0.772,0,204,86,102,248,0
0.785,0,167,113,74,166,0
0.974,0,220,120,117,314,0
0.787,0,199,95,92,206,0
0.907,0,213,127,118,314,0
0.0,0,102,45,52,52,0
0.997,0,144,52,48,314,0
0.641,0,117,70,65,144,0
0.885,0,134,77,69,130,0
0.22,0,206,111,117,158,0
0.96,0,203,114,134,314,0
0.455,0,167,96,90,196,0
0.228,0,127,69,75,72,0
0.895,0,155,96,77,70,0
0.47,0,220,117,114,212,0
0.605,0,154,75,73,54,0
0.635,0,184,99,112,282,0
0.748,0,156,93,73,80,0
0.587,0,165,106,80,138,0
0.795,0,180,96,83,78,0
0.949,0,210,112,116,314,0
0.845,0,216,122,131,308,0
0.797,0,120,71,55,148,0
0.59,0,194,101,97,90,0
0.665,0,203,112,129,264,0
0.998,0,176,62,81,314,0
0.417,0,156,107,73,48,0
0.0,0,137,94,72,120,0
0.877,0,127,67,59,170,0
0.741,0,182,93,116,314,0
0.681,0,150,86,64,116,0
0.802,0,203,106,96,144,0
0.798,0,194,82,87,248,0
0.808,0,152,96,80,260,0
0.3,0,133,81,67,90,0
0.741,0,213,111,105,202,0
0.601,0,194,93,98,156,0
0.856,0,197,106,103,220,0
0.0,0,37,29,20,2,0
0.783,0,142,80,63,82,0
0.985,0,210,122,113,314,0
0.763,0,137,66,68,110,0
0.921,0,157,108,83,184,0
0.0,0,149,107,85,28,0
0.99,0,193,96,96,314,0
0.794,0,95,33,44,154,0
0.851,0,178,60,73,314,0
1.0,0,204,115,96,314,0
0.883,0,136,68,45,74,0
0.546,0,214,127,122,314,0
0.0,0,118,53,44,52,0
0.424,0,168,107,80,94,0
0.348,0,153,99,75,168,0
0.907,0,205,102,117,276,0
0.028,0,215,118,108,122,0
0.125,0,220,116,103,148,0
0.353,0,227,127,134,170,0
0.806,0,183,87,93,158,0
0.862,0,217,119,146,268,0
0.0,0,105,61,69,38,0
0.656,0,167,80,77,144,0
0.784,0,159,85,79,126,0
0.814,0,166,74,74,114,0
0.658,0,185,85,85,202,0
0.183,0,231,129,144,228,0
0.8,0,217,124,138,306,0
0.721,0,120,72,51,48,0
0.534,0,178,101,87,202,0
0.986,0,222,126,135,314,0
0.0,0,96,57,56,32,0
0.876,0,201,98,95,284,0
0.536,0,211,129,111,184,0
0.381,0,197,94,87,108,0
0.848,0,163,85,85,110,0
0.388,0,163,102,93,100,0
0.079,0,151,96,87,32,0
0.918,0,190,78,78,236,0
0.0,0,130,81,80,6,0
0.5,0,147,108,82,192,0
0.903,0,150,82,65,184,0
0.721,0,186,102,95,142,0
0.99,0,206,98,102,314,0
0.743,0,207,94,108,202,0
0.646,0,114,61,71,78,0
0.198,0,192,84,90,198,0
0.999,0,212,124,115,314,0
0.765,0,152,70,61,58,0
0.694,0,160,80,79,96,0
0.724,0,212,119,142,292,0
0.97,0,14,3,3,314,0
0.54,0,177,93,88,238,0
0.339,0,185,87,92,162,0
0.814,0,203,101,116,270,0
0.856,0,141,99,66,78,0
0.664,0,199,98,104,270,0
0.999,0,213,120,110,314,0
0.996,0,142,46,47,314,0
0.363,0,155,85,85,58,0
0.988,0,144,47,48,314,0
0.686,0,188,109,126,308,0
0.0,0,41,24,25,36,0
0.11,0,192,128,94,152,0
0.0,0,240,144,106,128,0
0.489,0,215,113,112,214,0
0.749,0,109,51,62,98,0
0.679,0,156,75,61,156,0
0.977,0,214,116,119,314,0
0.632,0,192,95,93,250,0
0.836,0,166,102,82,108,0
0.772,0,186,107,119,294,0
0.992,0,213,118,119,314,0
0.236,0,204,114,123,264,0
0.35,0,159,70,70,142,0
0.706,0,171,92,100,90,0
0.984,0,191,107,125,314,0
0.498,0,223,130,118,190,0
0.883,0,195,105,115,312,0
0.916,0,183,85,86,314,0
0.807,0,199,99,99,292,0
0.455,0,148,108,81,146,1
0.182,0,175,114,100,150,1
0.793,0,3,1,1,132,1
0.696,0,166,105,85,182,1
0.674,0,219,122,116,256,1
0.0,0,129,68,77,90,1
0.649,0,139,81,56,68,1
0.0,0,135,82,67,12,1
0.796,0,147,89,61,156,1
0.858,0,139,60,63,132,1
0.074,0,116,65,49,114,1
0.508,0,129,68,68,188,1
0.94,0,180,90,86,282,1
0.525,0,154,88,83,74,1
0.277,0,130,78,70,170,1
0.836,0,156,83,73,270,1
0.792,0,110,54,54,130,1
0.396,0,126,70,64,50,1
0.359,0,182,89,90,158,1
0.346,0,170,110,92,94,1
0.747,0,169,85,68,102,1
0.0,0,89,38,39,58,1
0.896,0,116,53,45,112,1
0.928,0,184,106,98,242,1
0.66,0,204,116,106,282,1
0.345,0,152,114,88,126,1
0.814,0,159,74,57,68,1
0.721,0,150,71,71,168,1
0.138,0,114,67,73,24,1
0.822,0,195,103,100,198,1
0.0,0,217,137,125,108,1
0.856,0,143,86,76,82,1
0.636,0,124,66,52,48,1
0.739,0,80,46,37,120,1
0.47,0,151,105,85,190,1
0.708,0,169,92,78,222,1
0.706,0,164,73,59,98,1
0.22,0,131,67,53,154,1
0.791,0,105,54,59,148,1
0.751,0,182,100,87,46,1
0.0,0,177,96,103,96,1
0.662,0,126,64,71,166,1
0.5,0,161,102,81,228,1
0.626,0,171,127,91,264,1
0.79,0,127,72,55,170,1
0.251,0,169,103,91,152,1
0.787,0,113,49,36,96,1
0.28,0,158,88,98,74,1
0.483,0,144,78,81,92,1
0.0,0,123,65,63,42,1
0.762,0,5,3,2,238,1
0.595,0,118,62,67,168,1
0.507,0,156,108,84,166,1
0.82,0,133,67,64,122,1
0.0,0,140,80,78,98,1
0.687,0,131,58,47,104,1
0.624,0,156,84,79,138,1
0.586,0,160,99,85,96,1
0.491,0,108,54,60,56,1
0.003,0,117,63,65,130,1
0.556,0,136,77,71,132,1
0.761,0,169,98,89,176,1
0.0,0,226,168,123,42,1
0.337,0,95,32,33,130,1
0.818,0,188,117,87,166,1
0.622,0,173,88,88,100,1
0.149,0,140,80,62,60,1
0.493,0,140,81,82,80,1
0.272,0,179,97,99,136,1
0.0,0,138,86,77,62,1
0.202,0,124,73,67,52,1
0.297,0,222,129,126,314,1
0.0,0,168,123,87,82,1
0.629,0,97,42,30,150,1
0.906,0,157,89,82,196,1
0.582,0,168,106,89,180,1
0.0,0,200,113,137,100,1
0.426,0,136,79,61,88,1
0.696,0,157,80,77,96,1
0.008,0,82,49,49,158,1
0.687,0,176,122,94,188,1
0.753,0,138,70,59,162,1
0.315,0,174,108,94,206,1
0.798,0,148,71,52,190,1
0.0,0,145,84,90,76,1
0.371,0,196,103,95,148,1
0.477,0,147,81,62,66,1
0.468,0,121,71,77,68,1
0.294,0,152,97,81,92,1
0.393,0,152,104,79,160,1
0.887,0,167,105,80,254,1
0.278,0,178,107,94,128,1
0.0,0,75,44,49,4,1
0.436,0,153,94,77,120,1
0.787,0,150,91,70,154,1
0.865,0,206,86,59,216,1
0.151,0,135,74,67,130,1
0.892,0,138,65,70,180,1
0.718,0,152,91,70,118,1
0.805,0,150,81,87,164,1
0.462,0,125,83,65,152,1
0.806,0,168,86,61,190,1
0.614,0,98,48,45,86,1
0.145,0,137,65,62,126,1
0.838,0,180,109,95,118,1
0.62,0,162,96,79,140,1
0.843,0,159,96,64,54,1
0.0,0,161,86,87,48,1
0.0,0,197,137,108,82,1
0.724,0,113,64,44,66,1
0.0,0,121,73,75,12,1
0.557,0,129,69,49,48,1
0.06,0,89,49,49,104,1
0.726,0,136,75,65,186,1
0.878,0,147,64,51,204,1
0.641,0,162,104,81,224,1
0.767,0,176,116,103,180,1
0.118,0,221,171,123,108,1
0.709,0,80,45,40,118,1
0.041,0,156,93,90,126,1
0.269,0,126,66,72,30,1
0.596,0,145,86,76,154,1
0.793,0,169,119,85,40,1
0.865,0,146,85,71,120,1
0.451,0,155,86,74,152,1
0.825,0,181,114,81,254,1
0.724,0,190,118,104,208,1
0.001,0,96,57,48,98,1
0.822,0,185,100,91,136,1
0.536,0,185,105,80,160,1
0.327,0,167,105,88,96,1
0.463,0,147,88,77,70,1
0.427,0,102,50,48,54,1
0.0,0,102,49,54,58,1
0.0,0,90,36,40,56,1
0.881,0,185,82,38,102,1
0.762,0,161,75,74,124,1
0.641,0,161,115,89,78,1
0.486,0,167,96,107,132,1
0.826,0,169,86,63,92,1
0.392,0,184,118,86,166,1
0.597,0,100,49,39,122,1
0.238,0,136,78,77,96,1
0.851,0,112,59,36,84,1
0.655,0,120,78,61,198,1
0.693,0,154,84,95,202,1
0.658,0,172,104,86,194,1
0.484,0,169,92,90,124,1
0.839,0,139,52,43,168,1
0.842,0,161,90,78,214,1
0.348,0,134,72,78,66,1
0.0,0,75,48,42,76,1
0.178,0,167,120,93,126,1
0.83,0,150,88,60,84,1
0.469,0,113,56,64,112,1
0.0,0,124,62,59,34,1
0.623,0,196,114,81,206,1
0.613,0,201,109,96,182,1
0.89,0,126,61,52,138,1
0.696,0,199,113,94,132,1
0.0,0,213,145,115,74,1
0.929,0,155,71,54,174,1
0.63,0,186,111,94,188,1
0.309,0,171,80,75,78,1
0.721,0,168,98,86,120,1
0.755,0,152,76,56,186,1
0.093,0,154,90,78,100,1
0.436,0,163,108,93,156,1
0.803,0,169,77,56,146,1
0.631,0,144,84,68,140,1
0.492,0,146,86,77,142,1
0.807,0,179,78,99,94,1
0.0,0,157,93,78,148,1
0.727,0,195,116,83,170,1
0.55,0,200,127,103,216,1
0.368,0,146,99,77,106,1
0.0,0,125,83,69,134,1
0.478,0,180,112,97,116,1
0.796,0,184,101,96,186,1
0.502,0,167,90,95,138,1
0.368,0,150,84,86,80,1
0.415,0,159,93,83,62,1
0.824,0,189,117,93,210,1
0.707,0,134,75,59,150,1
0.758,0,164,93,69,156,1
0.824,0,176,89,89,226,1
0.0,0,169,103,90,116,1
0.0,0,170,119,90,78,1
0.863,0,143,80,61,176,1
0.19,0,195,121,106,210,1
0.648,0,155,85,77,104,1
0.489,0,149,84,68,242,1
0.757,0,123,63,61,64,1
0.569,0,160,83,89,182,1
0.832,0,166,112,79,126,1
0.642,0,163,104,89,76,1
0.0,0,58,34,39,12,1
0.0,0,81,42,31,84,1
0.802,0,131,71,45,74,1
0.0,0,145,80,62,40,1
0.24,0,162,102,90,42,1
0.741,0,117,67,54,88,1
0.713,0,158,81,69,192,1
0.0,0,121,60,58,118,1
0.303,0,174,104,86,192,1
0.32,0,165,94,91,172,1
0.729,0,203,124,107,186,1
0.431,0,171,97,66,182,1
0.003,0,141,75,81,120,1
0.0,0,167,103,117,0,1
0.66,0,143,66,63,100,1
0.541,0,158,92,82,96,1
0.464,0,190,109,126,192,1
0.805,0,141,79,69,188,1
0.0,0,202,128,117,108,1
0.705,0,156,95,86,280,1
0.0,0,156,97,87,192,1
0.842,0,153,84,81,128,1
0.751,0,148,76,67,100,1
0.0,0,146,96,83,70,1
0.636,0,182,92,88,204,1
0.451,0,186,118,100,132,1
0.0,0,112,64,62,52,1
0.837,0,108,49,55,56,1
0.0,0,72,38,42,108,1
0.538,0,163,87,80,154,1
0.0,0,125,86,66,36,1
0.934,0,153,100,74,208,1
0.464,0,150,81,92,158,1
0.0,0,142,89,86,36,1
0.387,0,128,72,74,102,1
0.636,0,137,64,64,102,1
0.641,0,198,100,105,196,1
0.833,0,195,105,104,188,1
0.23,0,178,118,101,248,1
0.519,0,169,101,91,88,1
0.63,0,161,87,99,106,1
0.734,0,144,79,64,142,1
0.407,0,159,93,76,306,1
0.0,0,96,40,41,20,1
0.711,0,139,69,62,102,1
0.552,0,105,49,59,48,1
0.706,0,155,75,93,140,1
0.258,0,155,92,78,138,1
0.857,0,140,71,52,80,1
0.379,0,164,111,94,108,1
0.76,0,86,47,54,72,1
0.0,0,72,34,29,48,1
0.831,0,193,101,90,276,1
0.085,0,166,114,84,160,1
0.56,0,138,75,58,196,1
0.759,0,195,96,68,182,1
0.85,0,114,48,44,50,1
0.757,0,152,91,84,50,1
0.251,0,169,99,80,122,1
0.169,0,104,42,56,120,1
0.0,0,121,71,63,128,1
0.652,0,157,93,83,268,1
0.792,0,150,69,54,84,1
0.043,0,175,98,105,66,1
0.0,0,126,93,75,6,1
0.443,0,109,56,48,96,1
0.75,0,183,104,81,98,1
0.0,0,158,91,106,10,1
0.642,0,197,111,127,176,1
0.359,0,139,78,81,76,1
0.0,0,166,107,92,108,1
0.711,0,164,86,60,114,1
0.629,0,120,55,55,66,1
0.232,0,156,91,88,48,1
0.016,0,116,72,59,186,1
0.207,0,172,108,100,114,1
0.691,0,138,83,71,140,1
0.649,0,189,101,79,234,1
0.0,0,152,93,81,66,1
0.903,0,101,44,39,70,1
0.709,0,156,64,59,80,1
0.815,0,144,74,71,182,1
0.397,0,160,105,85,82,1
0.82,0,172,104,84,142,1
0.481,0,174,118,93,68,1
0.763,0,196,120,97,284,1
0.0,0,126,73,82,34,1
0.489,0,131,75,73,106,1
0.566,0,166,105,86,278,1
0.805,0,169,80,58,116,1
0.366,0,146,85,78,138,1
0.829,0,143,68,67,98,1
0.0,0,102,47,56,54,1
0.041,0,215,149,118,76,1
0.789,0,150,71,51,86,1
0.608,0,156,89,79,206,1
0.665,0,167,105,84,160,1
0.516,0,163,92,98,100,1
0.0,0,132,88,71,60,1
0.587,0,107,56,62,68,1
0.37,0,211,154,110,230,1
0.393,0,133,76,71,164,1
0.65,0,2,1,1,182,1
0.303,0,141,80,76,74,1
0.251,0,159,96,82,100,1
0.0,0,133,62,63,88,1
0.821,0,133,72,58,112,1
0.503,0,180,101,88,276,1
0.0,0,182,120,100,154,1
0.0,0,181,113,95,96,1
0.415,0,174,111,91,112,1
0.507,0,180,96,74,146,1
0.0,0,161,102,87,62,1
0.625,0,149,83,68,184,1
0.259,0,168,102,88,106,1
0.073,0,174,110,97,146,1
0.506,0,141,90,64,82,1
0.006,0,151,81,78,124,1
0.0,0,115,67,78,14,1
0.821,0,116,68,57,182,1
0.451,0,201,117,105,214,1
0.0,0,135,87,77,76,1
0.78,0,105,50,56,62,1
0.0,0,124,69,69,96,1
0.789,0,176,111,81,130,1
0.0,0,180,114,102,100,1
0.772,0,151,89,73,36,1
0.663,0,154,82,70,178,1
0.0,0,181,114,99,118,1
0.002,0,96,51,48,134,1
0.519,0,139,84,64,164,1
0.851,0,155,80,64,146,1
0.0,0,165,103,95,236,1
0.731,0,178,102,91,292,1
0.824,0,13,5,4,244,1
0.833,0,119,72,58,120,1
0.1,0,142,81,60,168,1
0.684,0,160,82,79,98,1
0.813,0,130,72,46,106,1
0.827,0,69,34,43,54,1
0.496,0,130,78,61,144,1
0.0,0,98,61,57,14,1
0.0,0,156,88,93,82,1
0.654,0,156,86,82,114,1
0.0,0,96,48,55,24,1
0.891,0,143,75,57,100,1
0.766,0,135,77,50,56,1
0.034,0,160,98,88,50,1
0.605,0,153,99,76,154,1
0.019,0,142,102,85,16,1
0.265,0,193,150,107,94,1
0.562,0,156,87,77,140,1
0.875,0,99,44,43,72,1
0.49,0,155,101,83,84,1
0.52,0,174,111,91,154,1
0.71,0,160,92,89,112,1
0.943,0,204,97,73,158,1
0.685,0,169,104,90,132,1
0.0,0,155,100,87,56,1
0.39,0,163,111,88,170,1
0.439,0,92,46,47,174,1
0.794,0,147,90,70,86,1
0.791,0,185,110,84,140,1
0.183,0,155,88,75,154,1
0.245,0,140,81,81,126,1
0.81,0,127,68,66,162,1
0.417,0,151,83,84,114,1
0.518,0,126,67,71,116,1
0.0,0,135,83,76,48,1
0.738,0,165,114,87,288,1
0.092,0,141,80,69,170,1
0.435,0,125,76,61,66,1
0.004,0,129,75,63,62,1
0.0,0,170,106,93,42,1
0.871,0,176,102,93,144,1
0.858,0,51,22,17,280,1
0.457,0,114,66,65,196,1
0.396,0,170,110,94,58,1
0.724,0,143,66,68,86,1
0.305,0,204,80,89,78,1
0.0,0,178,117,88,24,1
0.0,0,69,31,30,110,1
0.0,0,170,100,101,78,1
0.792,0,175,101,81,112,1
0.275,0,108,49,48,68,1
0.0,0,161,116,95,70,1
0.873,0,177,101,72,200,1
0.003,0,186,125,102,250,1
0.0,0,81,49,44,12,1
0.767,0,183,109,94,242,1
0.076,0,187,104,114,118,1
0.768,0,130,82,65,70,1
0.708,0,163,106,91,20,1
0.493,0,137,73,64,32,1
0.446,0,175,127,96,46,1
0.775,0,184,103,104,232,1
0.795,0,110,49,41,64,1
0.262,0,101,52,55,86,1
0.0,0,120,64,70,72,1
0.315,0,170,94,96,124,1
0.0,0,189,109,80,42,1
0.0,0,116,52,47,126,1
0.059,0,143,90,76,124,1
0.0,0,179,106,92,184,1
0.709,0,142,89,64,138,1
0.765,0,168,94,85,170,1
0.564,0,140,84,71,100,1
0.397,0,170,99,103,66,1
0.222,0,140,66,78,168,1
0.797,0,184,109,95,132,1
0.746,0,160,101,88,204,1
0.143,0,137,76,80,68,1
0.832,0,144,70,65,178,1
0.653,0,137,81,73,138,1
0.712,0,132,74,78,44,1
0.127,0,132,84,64,116,1
0.591,0,148,82,66,124,1
0.833,0,111,60,61,174,1
0.834,0,79,39,40,148,1
0.301,0,103,54,59,92,1
0.712,0,120,65,71,122,1
0.536,0,148,84,76,56,1
0.0,0,85,52,37,64,1
0.53,0,132,71,62,88,1
0.103,0,156,96,77,86,1
0.741,0,117,55,65,198,1
0.764,0,110,53,44,192,1
0.582,0,112,55,65,116,1
0.736,0,139,77,56,114,1
0.0,0,164,95,112,14,1
0.608,0,103,55,62,84,1
0.577,0,143,77,85,70,1
0.136,0,131,61,66,200,1
0.539,0,134,96,69,86,1
0.798,0,125,68,62,132,1
0.0,0,143,70,56,116,1
0.811,0,140,70,64,136,1
0.717,0,148,74,84,166,1
0.584,0,147,84,63,60,1
0.708,0,145,68,63,58,1
0.555,0,148,83,78,176,1
0.81,0,159,67,48,156,1
0.0,0,195,148,112,46,1
0.433,0,215,152,112,278,1
0.203,0,129,63,77,66,1
0.283,0,158,113,92,172,1
0.583,0,188,118,94,158,1
0.0,0,168,114,98,30,1
0.701,0,163,104,91,110,1
0.685,0,152,115,82,110,1
0.342,0,106,57,40,144,1
0.446,0,173,123,101,124,1
0.803,0,166,94,70,162,1
0.187,0,182,125,99,132,1
0.179,0,161,109,92,116,1
0.82,0,137,95,67,86,1
0.0,0,166,120,97,12,1
0.0,0,85,64,50,10,1
0.712,0,171,130,92,170,1
0.196,0,172,124,96,84,1
0.494,0,238,160,133,86,1
0.768,0,176,95,58,94,1
0.714,0,177,120,88,90,1
0.587,0,171,102,67,154,1
0.472,0,203,140,110,314,1
0.747,0,165,102,74,142,1
0.03,0,158,119,93,106,1
0.564,0,143,91,68,272,1
0.099,0,168,108,92,112,1
0.0,0,158,125,92,12,1
0.564,0,137,94,71,196,1
0.0,0,132,94,76,52,1
0.036,0,111,54,44,74,1
0.008,0,139,104,76,162,1
0.664,0,125,87,69,138,1
0.0,0,133,90,71,40,1
0.071,0,206,136,100,72,1
0.184,0,212,158,117,246,1
0.0,0,94,52,45,80,1
0.0,0,88,46,51,110,1
0.633,0,181,126,100,140,1
0.583,0,154,111,82,168,1
0.352,0,128,93,71,122,1
0.0,0,191,138,104,90,1
0.0,0,101,69,41,52,1
0.0,0,142,98,79,44,1
0.707,0,204,127,95,156,1
0.856,0,173,117,92,314,1
0.0,0,147,97,82,50,1
0.0,0,147,96,74,170,1
0.023,0,173,123,91,96,1
0.0,0,46,34,25,6,1
0.037,0,194,131,96,48,1
0.717,0,135,87,73,190,1
0.0,0,155,117,90,78,1
0.573,0,150,107,81,220,1
0.746,0,139,98,74,250,1
0.0,0,161,113,93,48,1
0.003,0,205,141,115,102,1
0.094,0,169,108,94,230,1
0.842,0,202,151,109,142,1
0.125,0,226,170,122,250,1
0.211,0,123,91,64,66,1
0.0,0,155,114,89,90,1
0.0,0,222,157,124,132,1
0.004,0,188,119,90,62,1
0.0,0,151,99,84,110,1
0.108,0,200,123,97,238,1
0.613,0,167,110,93,234,1
0.652,0,138,98,68,182,1
0.008,0,205,136,120,76,1
0.0,0,140,105,85,32,1
0.163,0,170,122,89,74,1
0.455,0,170,125,87,174,1
0.0,0,179,119,99,80,1
0.0,0,159,115,96,38,1
0.0,0,143,116,86,2,1
0.33,0,184,109,89,294,1
0.917,0,184,98,83,314,1
0.951,0,191,104,87,312,1
0.683,0,92,49,36,160,1
0.514,0,91,52,41,162,1
0.352,0,84,54,40,152,1
0.353,0,84,56,41,154,1
0.996,0,223,130,108,312,1
0.492,0,187,122,106,236,1
0.393,0,188,131,104,148,1
0.991,0,123,63,33,314,1
0.812,0,197,123,111,312,1
0.844,0,203,124,110,288,1
0.984,0,224,112,81,314,1
0.924,0,205,130,78,308,1
0.635,0,184,123,96,112,1
0.965,0,53,22,7,308,1
0.818,0,207,143,98,278,1
0.991,0,175,79,46,310,1
0.981,0,159,71,39,314,1
0.599,0,193,124,89,202,1
0.978,0,76,30,12,310,1
0.988,0,141,69,37,312,1
0.514,0,222,150,109,308,1
0.614,0,4,1,1,240,1
0.997,0,109,37,23,314,1
0.146,0,166,114,88,144,1
0.465,0,152,106,79,268,1
0.0,0,93,53,30,62,1
0.342,0,169,112,81,152,1
0.33,0,170,114,84,156,1
0.0,0,93,62,45,100,1
0.474,0,159,113,88,246,1
0.54,0,153,107,86,154,1
0.926,0,13,5,1,292,1
0.693,0,192,132,100,278,1
0.671,0,87,59,42,246,1
0.999,0,98,38,23,314,1
0.366,0,104,65,44,170,1
0.539,0,62,34,25,158,1
0.22,0,188,134,103,170,1
0.438,0,171,114,85,172,1
0.777,0,203,145,89,170,1
0.096,0,201,111,117,254,1
0.287,0,94,63,41,72,1
0.58,0,102,72,47,110,1
0.411,0,197,115,121,264,1
0.392,0,185,126,103,188,1
0.36,0,187,114,104,188,1
0.183,0,165,111,96,114,1
0.918,0,3,1,2,228,1
0.414,0,175,117,100,140,1
0.996,0,110,45,39,314,1
0.0,0,129,75,76,40,1
0.0,0,201,148,116,74,1
0.898,0,29,11,4,312,1
0.853,0,212,132,118,304,1
0.582,0,4,2,1,252,1
0.475,0,176,129,98,228,1
0.616,0,4,2,1,266,1
0.589,0,186,139,103,256,1
0.485,0,3,1,1,228,1
0.64,0,4,2,1,270,1
0.919,0,214,134,108,306,1
0.746,0,125,84,59,114,1
0.0,0,203,123,122,58,1
0.999,0,218,115,107,314,1
0.887,0,190,111,98,274,1
0.771,0,5,2,2,260,1
0.991,0,219,115,109,312,1
0.159,0,102,62,31,134,1
0.797,0,182,106,89,160,1
0.998,0,226,132,113,314,1
0.0,0,155,113,82,50,1
0.872,0,68,21,10,310,1
0.819,0,60,18,8,314,1
0.805,0,206,126,108,314,1
0.789,0,55,16,7,294,1
0.801,0,55,16,7,284,1
0.72,0,195,122,109,268,1
0.772,0,51,14,7,280,1
0.717,0,148,87,75,44,1
0.745,0,200,121,106,280,1
0.76,0,201,122,107,280,1
0.994,0,213,97,83,314,1
0.99,0,201,111,84,314,1
0.682,0,197,90,72,180,1
0.305,0,194,113,119,172,1
0.936,0,200,113,103,298,1
0.865,0,14,4,3,244,1
0.0,0,198,127,119,24,1
0.343,0,187,118,108,190,1
0.876,0,189,80,74,312,1
0.804,0,185,100,74,258,1
0.613,0,167,115,81,218,1
0.954,0,204,116,96,314,1
0.981,0,100,44,25,314,1
0.824,0,198,134,108,256,1
0.0,0,91,55,41,80,1
0.978,0,109,43,34,306,1
0.0,0,121,79,59,238,1
0.237,0,194,120,109,244,1
0.205,0,205,128,117,246,1
0.256,0,79,45,34,232,1
0.517,0,77,47,36,222,1
0.499,0,95,53,43,244,1
0.66,0,10,5,3,244,1
0.973,0,13,3,1,302,1
0.352,0,153,102,88,190,1
0.077,0,167,118,89,266,1
0.0,0,164,90,105,60,1
0.0,0,98,61,40,42,1
0.966,0,234,129,110,306,1
0.975,0,104,25,9,308,1
0.055,0,172,120,101,148,1
0.762,0,74,42,34,102,1
0.26,0,225,143,133,246,1
0.66,0,124,80,65,190,1
0.669,0,171,102,88,172,1
0.604,0,171,107,89,170,1
0.996,0,140,76,60,314,1
0.125,0,204,112,92,256,1
0.76,0,210,133,121,268,1
0.992,0,215,121,97,314,1
0.986,0,121,45,19,310,1
0.465,0,166,117,87,88,1
0.537,0,187,134,105,270,1
0.0,0,163,126,94,66,1
1.0,0,220,109,99,312,1
0.966,0,46,16,17,312,1
0.984,0,215,127,113,314,1
0.254,0,228,135,108,254,1
0.774,0,60,26,21,228,1
0.934,0,49,24,14,294,1
0.0,0,78,44,37,76,1
0.0,0,213,132,127,42,1
0.0,0,207,148,104,112,1
0.0,0,3,1,1,240,1
0.485,0,190,133,112,124,1
0.988,0,153,84,56,314,1
0.657,0,12,2,1,154,1
0.738,0,86,48,32,196,1
0.735,0,86,47,32,194,1
0.99,0,201,88,78,312,1
0.989,0,199,88,77,314,1
0.981,0,220,109,96,314,1
0.996,0,106,31,18,314,1
0.935,0,231,145,128,312,1
0.27,0,85,42,41,154,1
0.286,0,81,50,38,166,1
0.723,0,112,66,58,108,1
0.316,0,81,41,35,134,1
0.998,0,229,142,122,314,1
0.529,0,16,3,3,278,1
0.822,0,193,125,103,246,1
0.563,0,99,44,32,116,1
0.881,0,192,115,86,306,1
0.864,0,169,119,90,144,1
1.0,0,224,106,87,314,1
0.855,0,220,114,98,272,1
0.0,0,91,49,44,116,1
0.791,0,186,104,93,192,1
0.443,0,201,113,100,314,1
0.119,0,92,65,50,110,1
0.073,0,90,64,49,106,1
0.997,0,155,71,44,314,1
0.455,0,207,142,122,54,1
0.702,0,143,101,71,196,1
0.382,0,163,126,93,70,1
0.497,0,163,127,93,64,1
0.509,0,162,126,93,60,1
0.61,0,163,127,93,72,1
0.523,0,182,139,86,240,1
1.0,0,226,136,105,314,1
0.292,0,147,89,74,98,1
0.743,0,82,43,32,144,1
0.466,0,105,59,52,204,1
0.728,0,121,61,50,34,1
0.459,0,177,129,89,186,1
0.724,0,153,100,68,174,1
0.465,0,174,110,80,68,1
0.0,0,195,139,118,12,1
0.614,0,175,131,103,68,1
0.008,0,169,116,103,30,1
0.618,0,193,116,102,256,1
0.793,0,150,106,81,84,1
0.911,0,136,86,62,192,1
0.726,0,139,73,53,134,1
0.0,0,95,56,45,48,1
0.0,0,176,102,82,48,1
0.636,0,166,101,81,58,1
0.0,0,164,106,88,28,1
0.192,0,124,85,71,70,1
0.68,0,174,97,88,100,1
0.678,0,142,89,66,50,1
0.23,0,159,106,91,40,1
0.0,0,103,62,56,62,1
0.703,0,169,116,89,108,1
0.73,0,122,61,50,72,1
0.511,0,150,96,67,46,1
0.726,0,155,85,61,52,1
0.515,0,150,96,67,46,1
0.337,0,135,76,55,46,1
0.0,0,159,110,78,124,1
0.546,0,181,133,105,42,1
0.38,0,159,119,89,136,1
0.707,0,162,110,86,110,1
0.486,0,130,77,68,146,1
0.646,0,167,115,83,190,1
0.71,0,141,110,79,60,1
0.577,0,166,117,87,206,1
0.567,0,125,64,42,62,1
0.803,0,118,61,44,206,1
0.0,0,135,98,71,92,1
0.0,0,217,158,128,48,1
0.923,0,172,117,89,302,1
0.674,0,155,105,84,220,1
0.701,0,189,146,108,68,1
0.0,0,203,147,110,176,1
0.694,0,115,74,61,50,1
0.903,0,167,126,96,208,1
0.747,0,160,113,85,152,1
0.875,0,184,117,96,188,1
0.474,0,231,174,138,90,1
0.768,0,179,109,88,72,1
0.55,0,151,96,79,260,1
0.629,0,134,79,63,86,1
0.739,0,162,101,73,82,1
0.608,0,134,99,69,172,1
0.412,0,184,132,110,62,1
0.775,0,185,119,89,110,1
0.681,0,185,107,86,90,1
0.5,0,182,128,100,126,1
0.0,0,156,102,91,28,1
0.437,0,138,88,58,114,1
0.872,0,190,129,98,64,1
0.516,0,136,89,70,236,1
0.0,0,185,130,111,86,1
0.0,0,77,42,43,30,1
0.621,0,193,147,109,144,1
0.789,0,206,154,117,222,1
0.775,0,171,120,99,84,1
0.302,0,172,119,99,54,1
0.569,0,165,119,89,72,1
0.548,0,157,106,85,60,1
0.791,0,163,116,97,266,1
0.364,0,86,47,48,46,1
0.646,0,132,87,71,120,1
0.849,0,160,117,87,280,1
0.575,0,156,102,81,188,1
0.547,0,185,120,93,114,1
0.613,0,163,113,84,92,1
0.512,0,153,108,86,72,1
0.726,0,153,93,70,60,1
0.016,0,141,96,78,74,1
0.675,0,167,115,94,242,1
0.995,0,185,122,79,304,1
0.801,0,142,93,72,100,1
0.354,0,154,97,71,160,1
0.595,0,174,113,91,164,1
0.846,0,133,81,72,286,1
0.0,0,157,102,81,44,1
0.714,0,147,99,70,152,1
0.827,0,181,127,85,58,1
0.161,0,191,110,108,74,1
0.058,0,116,82,63,138,1
0.0,0,170,105,75,38,1
0.0,0,160,119,94,20,1
0.699,0,162,95,65,74,1
0.628,0,181,119,100,132,1
0.474,0,103,64,58,64,1
0.681,0,179,137,101,102,1
0.813,0,157,107,89,230,1
0.728,0,167,111,99,184,1
0.84,0,175,112,89,38,1
0.771,0,108,68,56,190,1
0.781,0,134,73,54,70,1
0.388,0,204,147,116,94,1
0.952,0,177,111,85,288,1
0.111,0,107,69,55,24,1
0.464,0,161,109,91,212,1
0.659,0,178,126,101,298,1
0.806,0,173,128,95,74,1
0.657,0,145,107,79,138,1
0.554,0,147,100,87,76,1
0.779,0,146,72,53,86,1
0.488,0,174,125,102,48,1
0.771,0,163,103,73,160,1
0.341,0,157,115,88,114,1
0.431,0,166,90,79,154,1
0.178,0,158,87,74,134,1
0.772,0,226,155,123,104,1
0.607,0,154,105,82,90,1
0.83,0,163,104,78,234,1
0.0,0,146,97,78,30,1
0.478,0,141,90,74,86,1
0.081,0,150,110,82,56,1
0.713,0,184,128,99,88,1
0.162,0,182,135,100,148,1
0.756,0,122,79,64,68,1
0.36,0,132,87,69,56,1
0.283,0,131,94,71,204,1
0.0,0,115,79,67,22,1
0.602,0,148,100,70,72,1
0.494,0,159,99,91,78,1
0.27,0,163,116,97,76,1
0.724,0,150,100,75,146,1
0.386,0,150,103,86,88,1
0.535,0,135,92,80,80,1
0.685,0,147,92,68,96,1
0.735,0,132,80,63,46,1
0.254,0,141,82,96,56,1
0.508,0,136,93,78,78,1
0.689,0,170,122,90,188,1
0.809,0,122,78,67,116,1
0.0,0,113,52,42,20,1
0.506,0,150,103,83,150,1
0.195,0,171,106,96,140,1
0.0,0,140,110,85,16,1
0.961,0,190,135,94,308,1
0.828,0,168,120,90,170,1
0.772,0,115,82,71,112,1
0.506,0,140,90,74,86,1
0.646,0,141,96,81,182,1
0.354,0,144,99,82,60,1
0.578,0,118,79,59,172,1
0.185,0,96,63,49,72,1
0.496,0,141,76,82,82,1
0.407,0,172,108,93,98,1
0.766,0,160,108,83,110,1
0.551,0,139,93,60,66,1
0.484,0,162,113,87,236,1
0.765,0,183,122,91,190,1
0.679,0,151,99,78,90,1
0.634,0,175,112,101,160,1
0.0,0,92,70,46,0,1
0.756,0,154,99,82,198,1
0.53,0,163,100,87,106,1
0.501,0,193,131,113,52,1
0.814,0,170,129,97,290,1
0.738,0,152,94,77,76,1
0.602,0,150,97,77,102,1
0.884,0,155,98,72,134,1
0.0,0,203,135,108,70,1
0.362,0,188,125,106,134,1
0.45,0,161,117,92,110,1
0.0,0,158,105,86,38,1
0.924,0,136,84,68,56,1
0.571,0,156,97,90,80,1
0.586,0,214,142,125,110,1
0.59,0,178,120,92,98,1
0.748,0,150,104,81,148,1
0.0,0,158,125,94,34,1
0.607,0,135,85,68,72,1
0.037,0,209,137,111,48,1
0.697,0,147,89,67,140,1
0.848,0,177,128,100,232,1
0.633,0,161,107,89,146,1
0.859,0,146,102,81,52,1
0.615,0,166,109,89,276,1
0.0,0,162,123,93,26,1
0.0,0,146,87,75,138,1
0.722,0,181,120,87,218,1
0.805,0,159,108,85,304,1
0.226,0,178,125,98,72,1
0.664,0,154,104,82,118,1
0.0,0,212,151,128,26,1
0.689,0,145,97,79,152,1
0.0,0,159,108,88,42,1
0.993,0,172,83,52,312,1
0.0,0,99,49,31,100,1
0.569,0,173,119,82,292,1
0.675,0,176,105,94,138,1
0.725,0,196,116,110,302,1
0.0,0,166,115,96,130,1
0.413,0,107,60,33,168,1
0.024,0,86,53,41,64,1
0.805,0,198,123,104,288,1
0.709,0,11,3,2,258,1
0.975,0,96,39,29,312,1
0.725,0,202,116,104,288,1
0.542,0,157,90,78,146,1
0.841,0,194,141,110,184,1
0.916,0,217,137,122,310,1
0.538,0,190,122,108,248,1
0.196,0,176,101,104,122,1
0.533,0,83,44,26,128,1
0.354,0,212,152,116,236,1
0.144,0,94,58,51,60,1
1.0,0,149,65,40,314,1
0.982,0,184,127,102,312,1
0.53,0,203,130,109,168,1
0.51,0,211,122,113,208,1
0.998,0,202,101,84,314,1
0.512,0,146,95,71,210,1
0.925,0,164,86,59,246,1
0.77,0,95,48,25,110,1
0.971,0,216,100,97,312,1
0.996,0,227,119,102,314,1
0.269,0,105,51,41,116,1
0.415,0,174,116,101,136,1
0.693,0,187,101,94,188,1
0.474,0,210,145,119,284,1
0.997,0,164,64,45,314,1
0.201,0,181,136,97,110,1
0.328,0,111,67,41,84,1
0.573,0,173,104,89,166,1
0.096,0,102,68,36,92,1
0.994,0,185,56,62,314,1
0.0,0,209,144,123,94,1
0.612,0,70,40,37,150,1
0.989,0,89,48,32,314,1
0.996,0,227,137,109,314,1
0.369,0,112,75,58,120,1
0.0,0,164,122,91,120,1
0.246,0,165,99,95,150,1
0.807,0,165,97,71,176,1
0.59,0,209,121,107,202,1
0.999,0,217,121,110,314,1
0.191,0,80,41,29,146,1
0.774,0,44,14,8,314,1
0.998,0,164,81,55,314,1
0.792,0,86,56,38,66,1
0.869,0,146,106,81,220,1
0.392,0,88,38,46,188,1
0.458,0,92,49,31,116,1
0.021,0,199,132,117,204,1
0.893,0,213,134,109,312,1
0.358,0,200,128,111,246,1
0.067,0,108,70,49,82,1
0.544,0,98,47,28,90,1
0.682,0,221,147,124,272,1
0.949,0,82,30,26,314,1
0.695,0,172,107,76,108,1
0.0,0,199,104,90,236,1
0.497,0,98,46,30,124,1
1.0,0,217,138,110,314,1
0.962,0,104,34,18,314,1
0.0,0,97,53,46,104,1
0.5,0,177,97,110,112,1
0.654,0,119,71,62,42,1
0.698,0,136,74,78,210,1
0.0,0,142,78,87,108,1
0.523,0,100,55,53,56,1
0.0,0,110,50,43,180,1
0.0,0,77,43,49,22,1
0.0,0,141,93,86,2,1
0.0,0,160,96,91,10,1
0.376,0,165,105,98,30,1
0.864,0,138,82,88,136,1
0.877,0,124,72,48,314,1
0.708,0,140,80,84,60,1
0.332,0,128,77,72,54,1
0.17,0,159,98,90,62,1
0.537,0,177,112,96,258,1
0.769,0,152,96,82,306,1
1.0,0,163,97,72,314,1
0.0,0,90,52,51,76,1
0.665,0,197,124,110,252,1
0.0,0,183,126,103,18,1
0.666,0,159,104,89,292,1
0.0,0,122,91,70,228,1
0.859,0,2,1,1,314,1
0.63,0,146,80,76,164,1
0.779,0,5,2,2,314,1
0.59,0,117,63,47,248,1
0.971,0,173,130,89,314,1
0.818,0,155,110,83,314,1
0.002,0,217,128,123,78,1
0.781,0,121,65,55,20,1
0.0,0,178,123,103,104,1
0.234,0,198,135,116,258,1
0.107,0,131,81,69,36,1
0.971,0,197,92,99,312,1
0.294,0,176,108,101,22,1
0.294,0,176,108,101,22,1
0.726,0,214,162,118,132,1
0.391,0,143,103,83,298,1
0.526,0,175,96,98,126,1
0.925,0,201,132,114,314,1
0.368,0,166,95,86,38,1
0.0,0,95,68,57,16,1
0.0,0,189,109,109,14,1
0.0,0,158,134,98,0,1
0.674,0,188,120,106,314,1
0.0,0,165,117,95,96,1
0.637,0,184,117,105,294,1
0.648,0,181,115,96,314,1
0.411,0,200,126,114,258,1
0.74,0,218,151,122,314,1
0.605,0,173,110,98,60,1
0.137,0,189,124,109,236,1
0.003,0,138,95,78,152,1
0.478,0,114,76,65,152,1
0.016,0,133,92,74,152,1
0.538,0,149,98,79,258,1
0.66,0,191,129,95,308,1
0.0,0,108,71,57,110,1
0.751,0,178,116,101,286,1
0.265,0,168,121,96,164,1
0.545,0,133,79,70,136,1
0.894,0,70,42,33,64,1
0.314,0,158,93,95,180,1
0.0,0,139,94,80,148,1
0.572,0,198,114,121,140,1
0.291,0,162,91,97,48,1
0.351,0,105,61,57,120,1
0.369,0,103,60,56,52,1
0.0,0,97,67,56,60,1
0.0,0,104,76,57,182,1
0.0,0,101,68,57,54,1
0.417,0,177,109,102,194,1
0.628,0,163,116,87,188,1
0.761,0,172,95,81,178,1
0.514,0,151,58,53,78,1
0.448,0,93,49,50,84,1
0.743,0,147,86,78,194,1
0.937,0,189,95,82,180,1
0.775,0,163,93,69,80,1
0.088,0,171,119,90,66,1
0.0,0,151,96,80,46,1
0.805,0,109,54,61,90,1
0.0,0,84,50,46,26,1
0.554,0,122,74,56,42,1
0.659,0,156,86,79,198,1
0.772,0,155,82,74,168,1
0.0,0,154,90,77,66,1
0.623,0,138,77,77,146,1
0.373,0,192,133,115,44,1
0.54,0,187,112,91,156,1
0.678,0,181,98,92,178,1
0.43,0,198,125,112,244,1
0.372,0,184,109,102,208,1
0.828,0,162,84,75,46,1
0.844,0,154,87,70,166,1
0.0,0,183,125,102,60,1
0.0,0,63,35,38,136,1
0.092,0,140,84,74,136,1
0.293,0,117,56,47,26,1
0.679,0,169,104,86,160,1
0.607,0,127,62,63,174,1
0.881,0,194,102,85,258,1
0.628,0,187,112,95,222,1
0.0,0,189,109,129,8,1
0.0,0,166,95,103,40,1
0.245,0,117,61,55,174,1
0.458,0,201,112,112,278,1
0.0,0,139,90,75,94,1
0.163,0,169,98,101,200,1
0.759,0,130,81,64,154,1
0.698,0,160,94,78,148,1
0.396,0,168,98,77,162,1
0.608,0,186,105,114,284,1
0.713,0,175,99,96,194,1
0.829,0,200,130,94,108,1
0.655,0,137,80,76,100,1
0.451,0,138,76,77,130,1
0.654,0,161,95,100,100,1
0.848,0,153,79,67,186,1
0.699,0,127,70,60,44,1
0.812,0,14,8,5,260,1
0.893,0,164,99,65,92,1
0.498,0,181,83,85,262,1
0.809,0,183,90,73,180,1
0.47,0,184,120,92,156,1
0.997,0,87,47,45,314,1
0.637,0,126,58,56,138,1
0.225,0,32,17,18,86,1
0.505,0,158,92,86,126,1
0.0,0,145,93,81,174,1
0.0,0,154,122,87,22,1
0.915,0,114,58,42,60,1
0.737,0,154,78,97,70,1
0.762,0,79,38,36,82,1
0.0,0,215,144,129,20,1
0.334,0,151,78,62,196,1
0.0,0,95,53,60,28,1
0.729,0,140,75,55,52,1
0.723,0,145,78,70,96,1
0.147,0,169,122,97,64,1
0.352,0,92,41,48,210,1
0.923,0,68,36,51,128,1
0.84,0,119,73,59,50,1
0.855,0,141,82,59,140,1
0.0,0,71,32,37,92,1
0.897,0,175,104,56,144,1
0.832,0,177,102,89,116,1
0.842,0,173,97,79,200,1
0.784,0,157,111,81,60,1
0.62,0,172,126,88,198,1
0.742,0,134,74,64,54,1
0.525,0,133,76,70,216,1
0.0,0,60,32,32,6,1
0.015,0,148,94,85,48,1
0.0,0,132,77,83,46,1
0.753,0,147,88,62,76,1
0.658,0,182,92,85,178,1
0.848,0,145,74,76,72,1
0.766,0,150,80,57,38,1
0.659,0,135,79,69,138,1
0.892,0,151,89,73,106,1
0.586,0,135,79,72,150,1
0.363,0,177,90,93,258,1
0.423,0,144,85,76,160,1
0.402,0,165,96,106,50,1
0.806,0,77,35,29,168,1
0.698,0,189,107,106,300,1
0.714,0,156,93,64,76,1
0.746,0,4,1,1,262,1
0.177,0,161,112,91,52,1
0.711,0,149,78,78,132,1
0.614,0,119,64,47,100,1
0.813,0,162,87,65,146,1
0.86,0,183,88,72,132,1
0.852,0,185,96,105,162,1
0.51,0,165,96,87,56,1
0.72,0,191,107,97,178,1
0.674,0,198,112,92,158,1
0.86,0,125,62,50,96,1
0.573,0,104,48,43,62,1
0.0,0,157,85,99,44,1
0.919,0,176,106,92,254,1
0.835,0,87,44,45,54,1
0.0,0,83,47,54,24,1
0.865,0,140,54,48,128,1
0.68,0,4,1,2,216,1
0.753,0,168,125,92,100,1
0.0,0,135,76,73,58,1
0.849,0,164,83,61,172,1
0.0,0,155,77,67,134,1
0.615,0,196,121,102,212,1
0.684,0,155,88,73,124,1
0.719,0,199,115,80,140,1
0.0,0,171,108,97,186,1
0.671,0,187,118,93,186,1
0.835,0,128,79,64,80,1
0.0,0,211,86,114,50,1
0.726,0,196,109,100,208,1
0.658,0,107,50,41,118,1
0.066,0,142,79,65,132,1
0.832,0,108,54,38,34,1
0.727,0,156,76,60,162,1
0.466,0,106,53,44,48,1
0.547,0,99,61,49,68,1
0.874,0,161,96,72,90,1
0.04,0,101,52,50,62,1
0.0,0,106,59,69,50,1
0.511,0,165,101,83,48,1
0.852,0,126,71,48,28,1
0.831,0,175,121,86,22,1
0.556,0,130,63,65,174,1
0.715,0,129,61,67,92,1
0.111,0,108,32,35,92,1
0.436,0,207,91,98,132,1
0.785,0,160,108,77,268,1
0.0,0,130,72,69,184,1
0.654,0,136,75,65,190,1
0.852,0,142,84,58,208,1
0.794,0,184,115,84,118,1
0.0,0,107,58,52,0,1
0.83,0,11,5,2,276,1
0.669,0,120,48,57,100,1
0.746,0,150,80,60,50,1
0.071,0,185,104,100,144,1
0.131,0,104,55,64,88,1
0.834,0,182,121,97,102,1
0.735,0,153,84,74,100,1
0.713,0,190,104,90,240,1
0.643,0,159,76,85,150,1
0.764,0,158,80,78,154,1
0.232,0,178,105,101,188,1
0.645,0,184,114,90,214,1
0.804,0,219,120,115,208,1
0.706,0,117,61,46,130,1
0.43,0,135,81,74,166,1
0.875,0,132,82,49,74,1
0.351,0,154,70,67,138,1
0.0,0,139,83,75,100,1
0.335,0,151,96,83,74,1
0.0,0,161,92,92,96,1
0.501,0,149,91,80,210,1
0.64,0,209,113,83,134,1
0.352,0,134,75,80,122,1
